{
    "January": 101.80646537860012,
    "February": 99.26168778414062,
    "March": 96.5116514632672,
    "April": 97.06439758366012,
    "May": 96.40570515309548,
    "June": 95.88314396393699,
    "July": 100.03285903354225,
    "August": 107.75659593152048,
    "September": 114.12332208127283,
    "October": 120.05349508329077,
    "November": 124.22501885668204,
    "December": 129.3641506936116
}