{
    "January 2021": 113.49364256189074,
    "February 2021": 116.49751919361708,
    "March 2021": 119.10272734215664,
    "April 2021": 122.06139321899511,
    "May 2021": 128.3515856198228,
    "June 2021": 125.36148779894319,
    "July 2021": 124.3727886747043,
    "August 2021": 127.98606001293271,
    "September 2021": 129.14486699463782,
    "October 2021": 133.27435051497795,
    "November 2021": 135.44056329946903,
    "December 2021": 133.7218515098582,
    "January 2022": 135.69780588364443,
    "February 2022": 141.6697709529155,
    "March 2022": 160.22445466222428,
    "April 2022": 158.79942040312292,
    "May 2022": 158.6922950139432,
    "June 2022": 155.66312893928134,
    "July 2022": 141.60507728200506,
    "August 2022": 138.69153831893465,
    "September 2022": 137.33160413680997,
    "October 2022": 136.66577500353668,
    "November 2022": 135.97859321247356,
    "December 2022": 133.09893257721535,
    "January 2023": 131.4298765234223,
    "February 2023": 130.7331631955989,
    "March 2023": 127.98604812676369,
    "April 2023": 128.3884752652535,
    "May 2023": 124.46266276043217,
    "June 2023": 123.0074423593665,
    "July 2023": 124.35991296032483,
    "August 2023": 121.79858561713715,
    "September 2023": 121.66964695848252,
    "October 2023": 120.72453036002507,
    "November 2023": 120.60622410101107,
    "December 2023": 119.06942919244582,
    "January 2024": 117.64823715481582,
    "February 2024": 117.448709613027,
    "March 2024": 118.94674437043133,
    "April 2024": 119.24981652077558,
    "May 2024": 120.48915811885604,
    "June 2024": 120.99067025563961,
    "July 2024": 120.87563944840363,
    "August 2024": 121.67446027762526,
    "September 2024": 124.58967284066782,
    "October 2024": 126.87890314572016,
    "November 2024": 127.68853287482969,
    "December 2024": 127.30340926953562
}